{"cameraMode":{"drawMode":0,"name":"Shaded","section":"Shading Mode"},"sceneLighting":false,"audioPlay":false,"sceneViewState":{"m_AlwaysRefresh":false,"showFog":true,"showSkybox":false,"showFlares":true,"showImageEffects":true,"showParticleSystems":true,"showVisualEffectGraphs":true,"m_FxEnabled":true},"in2DMode":false,"pivot":{"x":0.0000017881393432617188,"y":1.5082905292510987,"z":0.016342520713806154},"rotation":{"x":-0.036301374435424808,"y":0.005093857645988464,"z":-0.00018456224643159658,"w":-0.9993307590484619},"size":2.346031427383423,"orthographic":false}